iter	Logloss
0	0.209384359
1	0.1571461873
